[
  {
    "": 1,
    "state": "NSW",
    "sex": "M",
    "diag": 10905,
    "death": 11081,
    "status": "D",
    "T.categ": "hs",
    "age": 35
  },
  {
    "": 2,
    "state": "NSW",
    "sex": "M",
    "diag": 11029,
    "death": 11096,
    "status": "D",
    "T.categ": "hs",
    "age": 53
  },
  {
    "": 3,
    "state": "NSW",
    "sex": "M",
    "diag": 9551,
    "death": 9983,
    "status": "D",
    "T.categ": "hs",
    "age": 42
  },
  {
    "": 4,
    "state": "NSW",
    "sex": "M",
    "diag": 9577,
    "death": 9654,
    "status": "D",
    "T.categ": "haem",
    "age": 44
  },
  {
    "": 5,
    "state": "NSW",
    "sex": "M",
    "diag": 10015,
    "death": 10290,
    "status": "D",
    "T.categ": "hs",
    "age": 39
  },
  {
    "": 6,
    "state": "NSW",
    "sex": "M",
    "diag": 9971,
    "death": 10344,
    "status": "D",
    "T.categ": "hs",
    "age": 36
  },
  {
    "": 7,
    "state": "NSW",
    "sex": "M",
    "diag": 10746,
    "death": 11135,
    "status": "D",
    "T.categ": "other",
    "age": 36
  },
  {
    "": 8,
    "state": "NSW",
    "sex": "M",
    "diag": 10042,
    "death": 11069,
    "status": "D",
    "T.categ": "hs",
    "age": 31
  },
  {
    "": 9,
    "state": "NSW",
    "sex": "M",
    "diag": 10464,
    "death": 10956,
    "status": "D",
    "T.categ": "hs",
    "age": 26
  }
]